{
  "config": {
    "chunk_len": 16384,
    "spec_shape": [
      513,
      65
    ],
    "batch": 32,
    "iters": 200,
    "device": "cpu"
  },
  "models": {
    "1dcnn": {
      "single": {
        "p50_ms": 0.3714000340551138,
        "p95_ms": 0.4805051605217158,
        "mean_ms": 0.3901345026679337,
        "min_ms": 0.3448999486863613,
        "throughput_cps": 2692.5145619442924
      },
      "batched": {
        "p50_ms": 14.598950045183301,
        "p95_ms": 16.084444988518953,
        "mean_ms": 14.651245506247506,
        "min_ms": 13.15220003016293,
        "batch": 32,
        "throughput_cps": 2191.938454543716
      }
    },
    "spectrogram": {
      "single": {
        "p50_ms": 0.42319996282458305,
        "p95_ms": 0.5831599002704023,
        "mean_ms": 0.45113300788216293,
        "min_ms": 0.3825998865067959,
        "throughput_cps": 2362.9491678724494
      },
      "batched": {
        "p50_ms": 24.348299950361252,
        "p95_ms": 26.710830081719877,
        "mean_ms": 24.675866996403784,
        "min_ms": 21.985200000926852,
        "batch": 32,
        "throughput_cps": 1314.2601358303548
      }
    },
    "fusion": {
      "single": {
        "p50_ms": 0.380899989977479,
        "p95_ms": 0.5609098472632464,
        "mean_ms": 0.41191549855284393,
        "min_ms": 0.3470999654382467,
        "throughput_cps": 2625.3610562161625
      },
      "batched": {
        "p50_ms": 15.06305008661002,
        "p95_ms": 16.30669491132721,
        "mean_ms": 15.131582501344383,
        "min_ms": 13.496400089934468,
        "batch": 32,
        "throughput_cps": 2124.403743996425
      }
    }
  },
  "xgboost": {
    "dsp_extract": {
      "p50_ms": 9.146849974058568,
      "p95_ms": 10.170025122351944,
      "mean_ms": 9.025130000663921,
      "min_ms": 7.260800106450915
    },
    "xgb_predict": {
      "p50_ms": 0.424250029027462,
      "p95_ms": 0.7689250167459245,
      "mean_ms": 0.48131899791769683,
      "min_ms": 0.3380998969078064
    },
    "end_to_end_p50_ms": 9.57110000308603
  }
}