{
  "config": {
    "chunk_len": 16384,
    "spec_shape": [
      513,
      65
    ],
    "batch": 32,
    "iters": 200,
    "device": "cpu"
  },
  "models": {
    "1dcnn": {
      "single": {
        "p50_ms": 0.33179996535182,
        "p95_ms": 0.5261249374598264,
        "mean_ms": 0.36180400056764483,
        "min_ms": 0.23969984613358974,
        "throughput_cps": 3013.864088079884
      },
      "batched": {
        "p50_ms": 13.927250052802265,
        "p95_ms": 16.847514978144307,
        "mean_ms": 14.19948150520213,
        "min_ms": 9.0658999979496,
        "batch": 32,
        "throughput_cps": 2297.65387127241
      }
    },
    "spectrogram": {
      "single": {
        "p50_ms": 0.38774998392909765,
        "p95_ms": 0.5410199402831494,
        "mean_ms": 0.40803251205943525,
        "min_ms": 0.3286998253315687,
        "throughput_cps": 2578.981409275457
      },
      "batched": {
        "p50_ms": 22.487950045615435,
        "p95_ms": 23.860889952629805,
        "mean_ms": 22.562799003208056,
        "min_ms": 20.908999955281615,
        "batch": 32,
        "throughput_cps": 1422.9843064881393
      }
    },
    "fusion": {
      "single": {
        "p50_ms": 0.3805500455200672,
        "p95_ms": 0.5270651658065615,
        "mean_ms": 0.4072455014102161,
        "min_ms": 0.3133001737296581,
        "throughput_cps": 2627.7752736394505
      },
      "batched": {
        "p50_ms": 14.522550045512617,
        "p95_ms": 15.487464994657785,
        "mean_ms": 14.588544997386634,
        "min_ms": 12.413500109687448,
        "batch": 32,
        "throughput_cps": 2203.4697694078745
      }
    }
  },
  "xgboost": {
    "dsp_extract": {
      "p50_ms": 9.420099901035428,
      "p95_ms": 11.113599978853017,
      "mean_ms": 9.426082491409034,
      "min_ms": 7.2778998874127865
    },
    "xgb_predict": {
      "p50_ms": 0.36559998989105225,
      "p95_ms": 0.7376749184913932,
      "mean_ms": 0.42294599465094507,
      "min_ms": 0.30499999411404133
    },
    "end_to_end_p50_ms": 9.78569989092648
  }
}